,Name,RegNo,Sex,9518-Place,9518-Points,9519-Place,9519-Points,9517-Place,9517-Points,9656-Place,9656-Points,9690-Place,9690-Points,Best3-Points,place
0,Koča František,ZBM1100,M,1.,200,1.,200,2.,190,1.,200,2.,190,600,1
1,Smítal Vendelín,ZBM1203,M,2.,190,3.,182,1.,200,,,1.,200,590,2
2,Hikl Martin,ZBM1104,M,,,2.,190,4.,176,,,6.,170,536,3
3,Šedivá Kristýna,VBM1252,F,6.,170,4.,176,,,2.,190,9.,167,536,3
4,Sedláček Martin,TBM1212,M,3.,182,,,6.,170,,,5.,172,524,5
5,Kozmon Lukáš,PBM1301,M,4.,176,,,10.,166,6.,170,7.,169,515,6
6,Dohnalová Eliška,ZBM1253,F,10.,166,5.,172,7.,169,7.,169,8.,168,510,7
7,Urválková Anna,TBM1177,F,,,7.,169,,,5.,172,15.,161,502,8
8,Chaloupková Klára,ZBM1260,F,15.,161,6.,170,8.,168,,,,,499,9
9,Fučíková Ema,VBM1151,F,14.,162,,,11.,165,12.,164,12.,164,493,10
10,Dvořáková Dita,ZBM1158,F,,,10.,166,12.,164,25.,151,25.,151,481,11
11,Pala Barbora,PBM1355,F,26.,150,9.,167,24.,152,21.,155,20.,156,478,12
12,Smítalová Meda,ZBM1356,F,17.,159,DISK,0,18.,158,19.,157,DISK,0,474,13
13,Chloupek Filip,VBM1301,M,34.,142,8.,168,14.,162,,,,,472,14
14,Pala Tereza,PBM1557,F,21.,155,14.,162,21.,155,DISK,0,,,472,14
15,Kozmonová Sára,PBM1552,F,27.,149,,,20.,156,15.,161,22.,154,471,16
16,Jašek Vít,ABR1111,M,25.,151,,,15.,161,20.,156,,,468,17
17,Eschler Martin,UBM1402,M,,,16.,160,13.,163,31.,145,DISK,0,468,17
18,Matulová Markéta,PBM1554,F,18.,158,,,19.,157,29.,147,,,462,19
19,Šilar Martin,UBM1101,M,29.,147,,,16.,160,,,23.,153,460,20
20,Zapletal František,ZBM1413,M,33.,143,19.,157,22.,154,,,,,454,21
21,Veselý Josef,ZBM1111,M,,,,,3.,182,,,4.,176,358,22
22,Uchytil Ivo,SJI1203,M,5.,172,,,5.,172,,,,,344,23
23,Belton Jakub,RBK1102,M,9.,167,,,,,4.,176,,,343,24
24,Schwabová Barbora,TBM1188,F,13.,163,,,,,,,10.,166,329,25
25,Šťastná Vendula,TBM1384,F,8.,168,,,,,,,16.,160,328,26
26,Kříž Jan,TTR1201,M,7.,169,,,,,,,18.,158,327,27
27,Rajnošek Jan,ZBM1409,M,,,,,,,11.,165,17.,159,324,28
28,Marková Lucie,ZBM1351,F,,,,,DISK,0,9.,167,21.,155,322,29
29,Chloupková Kristýna,VBM1152,F,,,15.,161,17.,159,,,,,320,30
30,Sychrová Hana,VBM1352,F,22.,154,17.,159,,,,,DISK,0,313,31
31,Bárta Vítězslav,RBK1501,M,,,,,,,17.,159,24.,152,311,32
32,Janda Kryštof,ZBM1309,M,28.,148,,,DISK,0,14.,162,,,310,33
33,Redlichová Kateřina,RBK1351,F,32.,144,,,,,13.,163,,,307,34
34,Honzírek Matouš,ZBM1106,M,,,,,30.,146,18.,158,,,304,35
35,Balcarová Zora,ZBM1359,F,36.,140,,,,,,,19.,157,297,36
36,Stachoň Štěpán,ZBM1212,M,,,,,,,32.,144,27.,149,293,37
37,Zámečníková Marie,RBK1553,F,39.,137,21.,155,,,,,,,292,38
38,Křížová Anna,TTR1451,F,38.,138,,,,,,,28.,148,286,39
39,Sychrová Markéta,VBM1251,F,46.,130,24.,152,,,,,DISK,0,282,40
40,Bárta Zbyněk,RBK1301,M,,,,,,,3.,182,DISK,0,182,41
41,Vašek Mikuláš,TBM1115,M,,,,,,,,,3.,182,182,41
42,Daňková Viktorie,RBK1353,F,,,,,,,8.,168,,,168,43
43,Nováček Kryštof,ZBM1207,M,,,,,9.,167,,,,,167,44
44,Janováč Marek,RBK1302,M,,,,,,,10.,166,,,166,45
45,Tesař Antonín,PBM1609,M,,,11.,165,,,,,,,165,46
46,Ryglová Beata,TBM1158,F,,,,,,,,,11.,165,165,46
47,Votava Jan,0010003,M,11.,165,,,,,,,,,165,46
48,Tesařová Štěpánka,PBM1258,F,,,12.,164,,,,,,,164,49
49,Pala Kateřina,PBM8756,F,12.,164,,,,,,,,,164,49
50,Stehlík Šimon,PBM1312,M,,,13.,163,,,,,,,163,51
51,Eliášek Jakub,LBM1101,M,,,,,,,,,13.,163,163,51
52,Malá Lucie,TBM1165,F,,,,,,,,,14.,162,162,53
53,Urban Milan,RBK1414,M,,,,,,,16.,160,,,160,54
54,Zemánek Jakub,RBK1202,M,16.,160,,,,,,,,,160,54
55,Kaňka Jan,TZL1202,M,,,18.,158,,,,,,,158,56
56,Benda Vojta,0280001,M,19.,157,,,,,,,,,157,57
57,Křížová Ema,ZBM1358,F,19.,157,,,,,,,,,157,57
58,Maksymenko Mark,ZBM1410,M,,,20.,156,,,,,,,156,59
59,Kaňka Vilém,TZL1402,M,,,22.,154,,,,,,,154,60
60,Jašová Anna,ZBM1557,F,,,,,,,22.,154,,,154,60
61,Janováčová Tereza,RBK1552,F,,,,,,,23.,153,,,153,62
62,Liška Jan,ZBM1306,M,,,,,23.,153,,,,,153,62
63,Skřivanek František,TBM1108,M,23.,153,,,,,,,,,153,62
64,Stehlík Jakub,PBM1605,M,,,23.,153,,,,,,,153,62
65,Stachoň Ondřej,ZBM1404,M,,,,,,,24.,152,DISK,0,152,66
66,Matoušek Vít,0220002,M,24.,152,,,,,,,,,152,66
67,Bilík Jakub,ZBM1704,M,,,,,25.,151,,,,,151,68
68,Urban Jan,RBK1234,M,,,,,,,26.,150,,,150,69
69,Cicvárek Lukáš,ZBM1305,M,,,,,,,,,26.,150,150,69
70,Redlich Jan,RBK1601,M,DISK,0,,,,,27.,149,,,149,71
71,Sluka Matouš,ZBM1414,M,,,,,,,28.,148,,,148,72
72,Jalová Kristýna,RBK1150,F,,,,,,,30.,146,,,146,73
73,Bříza Leoš,TTR1403,M,30.,146,,,,,,,,,146,73
74,Kozel Kryštof,ABM1501,M,31.,145,,,,,,,,,145,75
75,Bartošová Natálie,KAM1466,F,35.,141,,,,,,,,,141,76
76,Alena Motyčáková,0290002,F,37.,139,,,,,,,,,139,77
77,Sedláček Vojtěch,TTR1404,M,40.,136,,,,,,,,,136,78
78,Běžek Tadeáš,TBM1501,M,41.,135,,,,,,,,,135,79
79,Holý Šimon,TTR1203,M,42.,134,,,,,,,,,134,80
80,Vernerová Zita,VBM1651,F,43.,133,,,,,,,,,133,81
81,Marván Timotej,0310002,M,44.,132,,,,,,,,,132,82
82,Matlocha Simon,nereg.,M,45.,131,,,,,,,,,131,83
83,Kocourek Vít,ZBM1405,M,,,,,,,,,DISK,0,0,84
84,Kozlová Slávka,0210001,F,DISK,0,,,,,,,,,0,84
85,Král Jonáš,BBM1403,M,DISK,0,,,,,,,,,0,84
86,Klášterecký Antonín,BBM1402,M,,,,,DISK,0,,,,,0,84
87,Krejčiříková Kamila,BBM1550,F,,,,,,,DISK,0,,,0,84
88,Tejkal Václav,ADA1401,M,,,,,DISK,0,,,,,0,84
89,Vernerová Johana,VBM1451,F,DISK,0,,,,,,,,,0,84
90,Zemánková Magdaléna,RBK1451,F,,,,,,,DISK,0,,,0,84
